{
  "Alberta" :	"AB",
  "BC" :	"BC",
  "Manitoba" :	"MB",
  "New Brunswick" :	"NB",
  "NL" :	"NL",
  "NWT" :	"NT",
  "Nova Scotia" :	"NS",
  "Nunavut" :	"NU",
  "Ontario" :	"ON",
  "PEI" :	"PE",
  "Quebec" :	"QC",
  "Saskatchewan" :	"SK",
  "Yukon" :	"YT",
  "Repatriated" :	"RP",
  "Calgary" :	"4832",
  "Central" :	"4833",
  "Edmonton" :	"4834",
  "North" :	"4835",
  "South" :	"4831",
  "Fraser" :	"591",
  "Interior" :	"592",
  "Island" :	"593",
  "Northern" :	"594",
  "Vancouver Coastal" :	"595",
  "Interlake-Eastern" :	"4603",
  "Northern" :	"4604",
  "Prairie Mountain" :	"4602",
  "Southern Health" :	"4605",
  "Winnipeg" :	"4601",
  "Zone 1 (Moncton area)" :	"1301",
  "Zone 2 (Saint John area)" :	"1302",
  "Zone 3 (Fredericton area)" :	"1303",
  "Zone 4 (Edmundston area)" :	"1304",
  "Zone 5 (Campbellton area)" :	"1305",
  "Zone 6 (Bathurst area)" :	"1306",
  "Zone 7 (Miramichi area)" :	"1307",
  "Central" :	"1012",
  "Eastern" :	"1011",
  "Labrador-Grenfell" :	"1014",
  "Western" :	"1013",
  "Zone 1 - Western" :	"1201",
  "Zone 2 - Northern" :	"1202",
  "Zone 3 - Eastern" :	"1203",
  "Zone 4 - Central" :	"1204",
  "Nunavut" :	"6201",
  "NWT" :	"6101",
  "Algoma" :	"3526",
  "Brant" :	"3527",
  "Chatham-Kent" :	"3540",
  "Durham" :	"3530",
  "Eastern" :	"3558",
  "Grey Bruce" :	"3533",
  "Haldimand-Norfolk" :	"3534",
  "Haliburton Kawartha Pineridge" :	"3535",
  "Halton" :	"3536",
  "Hamilton" :	"3537",
  "Hastings Prince Edward" :	"3538",
  "Huron Perth" :	"3539",
  "Kingston Frontenac Lennox & Addington" :	"3541",
  "Lambton" :	"3542",
  "Leeds Grenville and Lanark" :	"3543",
  "Middlesex-London" :	"3544",
  "Niagara" :	"3546",
  "North Bay Parry Sound" :	"3547",
  "Northwestern" :	"3549",
  "Ottawa" :	"3551",
  "Peel" :	"3553",
  "Peterborough" :	"3555",
  "Porcupine" :	"3556",
  "Renfrew" :	"3557",
  "Simcoe Muskoka" :	"3560",
  "Southwestern" :	"3575",
  "Sudbury" :	"3561",
  "Thunder Bay" :	"3562",
  "Timiskaming" :	"3563",
  "Toronto" :	"3595",
  "Waterloo" :	"3565",
  "Wellington Dufferin Guelph" :	"3566",
  "Windsor-Essex" :	"3568",
  "York" :	"3570",
  "Prince Edward Island" :	"1100",
  "Abitibi-Témiscamingue" :	"2408",
  "Bas-Saint-Laurent" :	"2401",
  "Capitale-Nationale" :	"2403",
  "Chaudière-Appalaches" :	"2412",
  "Côte-Nord" :	"2409",
  "Estrie" :	"2405",
  "Gaspésie-Îles-de-la-Madeleine" :	"2411",
  "Lanaudière" :	"2414",
  "Laurentides" :	"2415",
  "Laval" :	"2413",
  "Mauricie" :	"2404",
  "Montérégie" :	"2416",
  "Montréal" :	"2406",
  "Nord-du-Québec" :	"2410",
  "Nunavik" :	"2417",
  "Outaouais" :	"2407",
  "Saguenay" :	"2402",
  "Terres-Cries-de-la-Baie-James" :	"2418",
  "Central" :	"473",
  "Far North" :	"471",
  "North" :	"472",
  "Regina" :	"475",
  "Saskatoon" :	"474",
  "South" :	"476",
  "Yukon" :	"6001",
  "Not Reported" :	"9999"

}
